 ,Healthcare Name,Street Address,City,Zipcode,State,Associated Health System,Hospital Funding Type,Year of CHNA,Service Area defined as,List of Counties,List of Zip Codes,List of Places,Health Needs of Service Area,Health Priorities,Link to CHNA,Link to Implementation Plan,Contact Listed
6360520,AdventHealth Hendersonville,100 Hospital Drive,Hendersonville,28792-5272,NC,AdventHealth,Non-Profit,2022,"Combination of counties, zip codes, and places","Henderson, Buncombe, Arden, Black Mountain, Fairview, Fletcherm, Skyland, Swannanoa","28704, 28711, 28730, 28732, 28776, 28778, 28742, 28792",Hendersonville,"Access to care, behavioral health, chronic disease management, healthy lifestyles, social determinants of health","Mental Health, Substance Abuse, Physical Activity and Nutrition, Safe and Affordable Housing",https://www.adventhealth.com/sites/default/files/assets/2019_CHNA_AdventHealth_Hendersonville.pdf    https://www.adventhealth.com/hospital/adventhealth-hendersonville/about-us/community-needs-assessment,https://www.adventhealth.com/sites/default/files/assets/2020-2022-Community-Health-Plan-Hendersonville-FINAL.pdf,Graham.Fields@AdventHealth.com
6360006,Alamance Regional Medical Center,1240 Huffman Mill Road,"Burlington, Burlington",27215-8700,NC,Cone Health,Non-Profit,N/A unable to find,,"Alamance, Guilford, Rockingham, Caswell, Chatham, Davidson, Forsyth, Orange, Randolph",27215,Burlington,"Access to Care, Education, Economic Issues, Maternal and Child Health, Behavioral Health, Healthy Eating and Active Living, Social Determinants of Health, Mental Health/Substance Abuse, Physical Activity and Nutrition","Prevention of Chronic Disease, Prevention of Addiction and Promoting Strong Mental Health, Access to High Quality and Affordable Healthcare, Creating the Living Conditions that Nurture Health, Eliminating Bias and Discrimination in Healthcare",https://www.conehealth.com/app/files/public/d196655d-6bd5-414f-9eb2-aebe92606001/2019-cone-health-chna.pdf,https://www.conehealth.com/news/news-search/2021-news-releases/expansion-coming-to-alamance-regional-medical-center/,N/A
6361403,Alleghany Memorial Hospital,233 Doctors Street,Sparta,28675-9247,NC,,Non-Profit,2017,"Combination of counties, zip codes, and places",Alleghany,28675,Sparta,"Mental Health Screenings, Integrated Behavioral Health, Peer Support Specialist, Mobile Crisis Management, School Based Behavioral Health, Social and Emotional Learning in Schools, Maternal and Child Health, Certified Application Counselor, Expansion of Behavioral Health Services, Community Trainings, Adverse Childhood Experiences, Women, Infant, and Children's Program, Medical Nutrition Therapy, Tobacco Treatment Specialists, Opioid Epidemic Response, Vaping and Lung Injury, Vaccine Preventable Diseases, Pertussis, Measles, Mumps, Sexually Transmitted Infections/Diseases, Hepatitis C, Lyme Disease","Mental & Behavioral Health, Health equity for a vibrant economy, Substance use and misuse prevention",https://www.apphealthcare.com/community-health/#health-reports,https://alleghanyhealth.org/wp-content/uploads/2019/11/Community-Health-Needs-Assessment.Implementation-Plan-2018-2021.pdf ,N/A
6360550,Angel Medical Center,120 Riverview Street,Franklin,28734-2612,NC,HCA Healthcare,Unable to Find,2016,List of Counties,macon county,n/a,n/a,"Chronic Disease, Obesity, Teen pregnancy, substance abuse, intimate partner violence, tobacco, social determinants of health, access to care, mental health, cross-cutting issues","heart disease, domestic violence, economic development",https://missionhealth.org/wp-content/uploads/2018/04/2016-Angel-Medical-Center-Community-Health-Needs-Assessment-CHNA.pdf,https://missionhealth.org/wp-content/uploads/2018/04/2016-Angel-Medical-Center-Community-Health-Needs-Assessment-CHNA.pdf,paula.alter@msj.org
6360820,Ashe Memorial Hospital,200 Hospital Avenue,Jefferson,28640-9244,NC,Novant Health,,2020,List of Counties,Ashe,N/A,N/A,"Mental Health, Alcohol/Substance Misuse, Intimate Partner Violence, Suicide, Cancer, Diabetes, Food/Nutrition Concerns, Community Safety, COVID-19","Mental/Behavioral Health, Substance Use and Misuse Prevention, Physical Activity and Nutrition",https://www.ashememorial.org/docs/Ashe_County_Community_Health_Report_2020_%28Final_Draft%29_%281%29.pdf,https://www.ashememorial.org/docs/Ashe_County_Community_Health_Report_2020_%28Final_Draft%29_%281%29.pdf,N/A
6360025,Asheville Specialty Hospital,"428 Biltmore Avenue, 4th Floor",Asheville,28801-4502,NC,HCA Healthcare,,2016,List of Counties,"Buncombe
Madison",N/A,N/A,"Obesity & Chronic Disease Prevention, Intimate Partner Violence, Substance Abuse Prevention, Infant Mortality, Healthy Weight, Mental Health","Obesity & Chronic Disease Prevention, Substance Abuse Prevention, Healthy Weight, Mental Health",https://missionhealth.org/wp-content/uploads/2018/04/2017-Asheville-Specialty-Hospital-Implementation-Strategy.pdf,https://missionhealth.org/wp-content/uploads/2018/04/2017-Asheville-Specialty-Hospital-Implementation-Strategy.pdf,N/A
6361515,Atrium Health Anson,2301 US Highway 74 W,Wadesboro,28170-7554,NC,Atrium Health,Non-Profit,N/A unable to find,,,,,,,,,
6360360,Atrium Health Cabarrus,920 Church Street North,Concord,28025-2983,NC,Atrium Health,Non-Profit,2020,Combination of counties and places,Cabarrus,n/a,"Concord, Kannapolis, Town Pleasant, Harrisburg, Midland, Locust","Housing , Mental and Behavioral Health, Education-Early Childhood, Equity","Obesity, Infant Mortality, Substance Use, Sexually Transmitted Disease, Mental Health ",https://www.healthycabarrus.org/images/Cabarrus_FINAL_Community_Needs_Assessment_2020.pdf,https://www.healthycabarrus.org/images/Cabarrus_CHNA_2020_Appendices_FINAL.pdf,marcella.beam@cabarrushealth.org
6361370,Atrium Health Cleveland,201 East Grover Street,Shelby,28150-3917,NC,Atrium Health,Non-Profit,N/A unable to find,,,,,,,,,
6360825,Atrium Health Kings Mountain,706 West King Street,Kings Mountain,28086-2708,NC,Atrium Health,Non-Profit,N/A unable to find,,,,,,,,,
6360931,Atrium Health Lincoln,433 McAlister Road,Lincolnton,28092-4147,NC,Atrium Health,Non-Profit,N/A unable to find,,,,,,,,,
6360018,Atrium Health Pineville,10628 Park Road,Charlotte,28210-8407,NC,Atrium Health,Non-Profit,N/A unable to find,,,,,,,,,
6360005,Atrium Health Stanly,301 Yadkin Street,Albemarle,28001-3441,NC,Atrium Health,Non-Profit,N/A unable to find,,,,,,,,,
6360985,Atrium Health Union,600 Hospital Drive,Monroe,28112-6000,NC,Atrium Health,Non-Profit,N/A unable to find,,,,,,,,,
6360305,Atrium Health University City,8800 North Tryon Street,Charlotte,28262-3300,NC,Atrium Health,,N/A unable to find,,,,,,,,,
6360280,Atrium Health's Carolinas Medical Center,1000 Blythe Boulevard,Charlotte,28203-5871,NC,Atrium Health,,N/A unable to find,,,,,,,,,
6360325,Atrium Health's Carolinas Rehabilitation,1100 Blythe Boulevard,Charlotte,28203-5864,NC,Atrium Health,,N/A unable to find,,,,,,,,,
6361407,Blue Ridge Regional Hospital,125 Hospital Drive,Spruce Pine,28777-3035,NC,HCA Healthcare,Non-Profit,2022,List of Counties,"Mitchell, Yancey",N/A,N/A,"Chronic Disease, Cancer, Substance Abuse, Health Behaviors/ Lifestyle, Access to Healthcare, Mental Health, Aging Problems/Care for the Elderly, Social Determinants of Health, Oral Health, Maternal and Infant Health","Substance Misuse, Mental Health, Obesity, Chronic Disease Prevention, Access to care, Health Insurance",https://www.wnchn.org/wnc-healthy-impact/reports/,N/A ,N/A 
6361030,Broughton Hospital,1000 South Sterling Street,Morganton,28655-3999,NC,,Non-Profit,N/A unable to find,,,,,,,,,
6360795,Brynn Marr Hospital,192 Village Drive,Jacksonville,28546-7299,NC,"Universal Health Services, Inc.",For-Profit,N/A unable to find,,,,,,,,,
6360895,Caldwell UNC Health Care,321 Mulberry Street SW,Lenoir,28645-5720,NC,UNC Health Care,,2019,Combination of counties and zip codes,Wake, N/A,N/A,"Transportation Options, Employment, Access to Care, Mental Health, Housing and Homelessness, Substance Use Disorders, Family, Community, and Social Support  Education, Environment Quality of Care, Physical Health Environmental, Quality Safety,  Food Security ,Diet and Exercise, Income,  Maternal and Infant Health, Length of Life, Disabilities, Sexual Health, Tobacco Use","Transportation Options and Transit â Employment, Access to Care Mental Health/Substance Use Disorders Housing, Homelessness",https://www.rexhealth.com/app/files/public/948514ec-e4b0-4522-99d6-3aec27e53e85/pdf-rex-aboutus-2019-wake-county-chna---report-final.pdf,https://www.rexhealth.com/app/files/public/948514ec-e4b0-4522-99d6-3aec27e53e85/pdf-rex-aboutus-2019-wake-county-chna---report-final.pdf,N/A
6361068,CarolinaEast Health System,2000 Neuse Boulevard,New Bern,28560-3499,NC,,,2021,List of Counties,"Beaufort, Bertie, Bladen, Camden, Carteret, Chowan, Craven, Cumberland, Currituck, Dare, Duplin, Edgecombe, Franklin, Gates, Greene, Halifax, Hertford, Hoke, Hyde, Johnston, Jones, Lenior, Martin, Nash, Northampton, Onslow, Pamlico, Pasquotank, Pender, Perquimans, Pitt, Sampson, Tyrrell, Washington, Wayne",N/A,N/A,"Quality of life, health behaviors, health perceptions, preventative services, exercise, access to care. "," Behavioral Health, Community wellness, Workforce development",https://res.cloudinary.com/dpmykpsih/image/upload/carolinaeast-site-282/media/12bbc6dfec5b40a280274299e87f480e/carolinaeast-chna-fy-2022-2.pdf,N/A,N/A
6360029,Carolinas ContinueCARE Hospital at Pineville,10648 Park Road,Charlotte,28210,NC,Community Hospital Corporation,,2022,Combination of counties and places,Mecklenburg,N/A,"Cleveland, Gaison,Lincoln,Mecklenburg,Union,Starly,Cabamus,Arson","Adult smoking,Adult obesity,Physical inactivity,Teen births,Air pollution â Severe housing problems,Long commute, Malignant Neoplasms,Heart Diseases,Unintentional Accidents,Cerebrovascular events,Alzheimer's, Lower Respiratory Diseases, DM,Nephritis, nephrotic syndrome and nephrosis,Influenza, Pneumonia, Septicemia,Access to Care,Mental health availability","Insurance Coverage & Affordability of Care, Effects of Population Growth, Overall Access to Care,Healthcare Staffing,Access to Mental Health Services,Access to Primary Care Services,Access to Specialty Care Services,Community Education & Preventive Care, Awareness of Existing, Effects of Covid-19",https://pineville.continuecare.org/wp-content/uploads/2022/02/Carolinas-CCH-at-Pineville-2022-CHNA-and-Implementation-Plan-Report-FINAL-February-2022.pdf,https://pineville.continuecare.org/wp-content/uploads/2022/02/Carolinas-CCH-at-Pineville-2022-CHNA-and-Implementation-Plan-Report-FINAL-February-2022.pdf,N/A
6369139,Carolinas ContinueCARE Hospital at University,8800 North Tryon Street,Charlotte,28262-3300,NC,Community Hospital Corporation,Non-Profit,N/A unable to find,,,,,,,,,
6360427,Carolinas HealthCare System Blue Ridge,2201 South Sterling Street,Morganton,28655-4058,NC,Atrium Health,Non-Profit,2022,Combination of counties and places,Burke,N/A,"Jonas Ridge, Upper Creek, Linville, Lower Creek, Quaker Meadows, Silver Creek, Smokey Creek, Morganton, Drexel, Upper Fork,Lower Fork, Icard, Lovellady","Mental Health, Substance use Disorders, Obesity risk factors","Mental Health, Substance use disorders, Obesity, risk Factors",https://www.uncbr.org/docs/2022-Community-Health-Assessment.pdf,N/A,chae.moore@burkenc.org
6360455,Cape Fear Valley - Bladen County Hospital,501 South Poplar Street,Elizabethtown,28337-9375,NC,Cape Fear Valley Health System,Non-Profit,2022,List of Counties,Bladen,N/A,N/A,"Mental Health, Substance abuse, Economy, Diet, Exercise, Nutrition, Acess to health services, Maternal and Infant Health, Diabetes","Diet, Exercise, Nutrition, Substance abuse, Mental Health",https://www.capefearvalley.com/downloads/CHNA/Bladen-CHNA-2022.pdf,N/A,will.broughton@foundationhli.org.
6360023,Cape Fear Valley Medical Center,1638 Owen Drive,Fayetteville,28304-3431,NC,Cape Fear Valley Health System,Non-Profit,2019,Combination of counties and zip codes,Cumberland ,"28301, 28307, 28308, 28356, 28312, 28304, 28306, 28314, 28395, 28348, 28311, 28303, 28391, 28305, 28310",N/A,"Access to Health Services, Economy, Exercise, Nutrition & Weight, Immunizations & Infectious Diseases, Occupational & Environmental Health, Other Chronic Diseases, Public Safety, Respiratory Diseases, Substance Abuse","Access to Health Services, Economy (employment, housing, food security, and living below poverty), Exercise, weight, nutrition, Public safety, Substance abuse ",https://www.capefearvalley.com/downloads/CHNA/Cumberland-CHNA-2019.pdf,https://www.capefearvalley.com/downloads/CHNA/Cumberland-CHNA-2019.pdf,will.broughton@foundationhli.org.
6360080,CarePartners Health Services,68 Sweeten Creek Road,Asheville,28803-2318,NC,HCA Healthcare,Non-Profit,2016,Combination of counties and places,Buncombe,N/A,"Buncombe, Cherokee, Clay, Graham, Haywood, Henderson, Jackson, Macon, Madison, McDowell, Mitchell, Polk, Rutherford, Swain, Transylvania, Yancey","Adverse Childhood Experiences, Infant Deaths, Obesity & Related Chronic Disease, Diabetes, Falls in the Aging, Intimate Partner Violence, Substance Abuse, Suicide, Sexually Transmitted Diseases, Advance Directives","Obesity & Chronic Disease Prevention, Intimate Partner Violence, Substance Abuse Prevention, Infant Mortality",https://missionhealth.org/wp-content/uploads/2018/04/2016-CarePartners-Community-Health-Needs-Assessment-CHNA.pdf,https://missionhealth.org/wp-content/uploads/2018/04/2016-CarePartners-Community-Health-Needs-Assessment-CHNA.pdf,communityinvestment@msj.org
6360580,CaroMont Regional Medical Center,2525 Court Drive,Gastonia,28054-2140,NC,,Non-Profit,2021,List of Counties,"Gaston, Cleveland, Lincoln, Mecklenburg, York",N/A,N/A,"Heart Disease, Cancer, Respiratory Disease, Alzheimer's Disease, Cerebrovascular Disease","Increase access to care in the following service lines âbehavioral health, cardiovascular, primary care, oncology and urgent care (providers and sites), Enhance strategies to reduce infant mortality, Enhance community collaboration and leadership to reduce substance abuse",https://caromonthealth.org/media/xatpckzs/2021-community-health-needs-assessment-06-30-22-1.pdf,https://caromonthealth.org/media/wtljqctv/2021-cha-implementation-strategy.pdf,N/A
6360992,Carteret Health Care,3500 Arendell Street,Morehead City,28557-2901,NC,,Non-Profit,2021,List of Counties,Cartaret,N/A,N/A,"Chronic Disease, Equitable Access to Health Care, Substance Misuse","Substance Misuse, Access to Care, Chronic Disease Prevention",https://www.carterethealth.org/documents/health%20needs%20assessment/Carteret-2021-CHA-06.17.2022.pdf,https://www.carterethealth.org/documents/health%20needs%20assessment/CHC-IMPLEMENTATION-STRATEGY-2021-2022.4).pdf,N/A
6360755,Catawba Valley Medical Center,810 Fairgrove Church Road SE,Hickory,28602-9643,NC,,Non-Profit,2019,List of Counties,Catawba,N/A,N/A,"Chronic Disease, Behavioural Health and Healthy Foods and Healthy Weight",N/A,https://schs.dph.ncdhhs.gov/units/ldas/cha2019/Catawba%20County%202019%20CHA.PDF,N/A,N/A
6361360,Central Carolina Hospital,1135 Carthage Street,Sanford,27330-4162,NC,Duke LifePoint Healthcare,Non-Profit,2022,List of Counties,Lee ,N/A,N/A,"Mental health, Healthy eating/active living, Substance use disorder, Social determinants of health (housing, transportation, safety, education), Access to care, Youth development and activity","Mental health, Healthy eating/active living, Substance use disorder, Social determinants of health (housing, transportation, safety, education), Access to care, Youth development and activity",https://www.centralcarolinahosp.com/sites/centralcarolina/assets/uploads/CHNA_Central%20Carolina%20_Lee%20County_Community%20report_2022%20Final.pdf,https://www.centralcarolinahosp.com/sites/centralcarolina/assets/uploads/CHNA_Central%20Carolina%20_Lee%20County_Community%20report_2022%20Final.pdf,N/A
6361160,Central Prison Hospital,1300 Western Boulevard,Raleigh,27606-2148,NC,,Public,N/A unable to find,,,,,,,,,
6360145,Central Regional Hospital,300 Veazey Road,Butner,27509-1668,NC,,Public,N/A unable to find,,,,,,,,,
6360015,Charles A. Cannon Memorial Hospital,434 Hospital Drive,Newland,28646,NC,Appalachian Regional Healthcare System,Non-Profit,2019,List of Counties,"Avery, Watauga",N/A,N/a,"child abuse/neglect, dental problems, alcohol and/or drug use, sexually transmitted disease","Substance Abuse, Cancer,Unhealthy Behaviours",https://apprhs.org/community-health-needs-assessment/,https://apprhs.org/community-health-needs-assessment/,N/A
6361110,Charles George Veterans Affairs Medical Center,1100 Tunnel Road,Asheville,28805-2087,NC,Department of Veterans Affairs,,N/A unable to find,,,,,,,,,
6361375,Chatham Hospital,475 Progress Boulevard,Siler City,27344-6787,NC,UNC Health Care,Non-Profit,2018,Combination of counties and places,Chatham,N/A,"Pittsboro, Siler City, Goldston, and Cary","Behavioral Health, Chronic Disease, Community Cohesion, Economic Growth, Environment, Healthcare, Personal Development, Safety, Sexual Health, Substance Abuse","Access to Comprehensive Health Services, Obesity, Poverty",https://www.chathamnc.org/home/showpublisheddocument/46556/637229435704300000,https://www.chathamhospital.org/app/files/public/67b874c6-92da-4c8a-946a-ef2a04b7062a/pdf-chatham-community-assessment2019_2021.pdf,N/A
6360340,Cherokee Indian Hospital,1 Hospital Road,Cherokee,28719,NC,,,N/A unable to find,,,,,,,,,
6360620,Cherry Hospital,1401 West Ash Street,Goldsboro,27530-1057,NC,,,N/A unable to find,,,,,,,,,
6361550,Columbus Regional Healthcare System,500 Jefferson Street,Whiteville,28472-3634,NC,Atrium Health,,2019,List of Counties,Columbus,N/A,N/A,"Health Disease and Stroke, Cancer, Diabetes","Health Disease and Stroke, Cancer, Diabetes",https://www.crhealthcare.org/wp-content/uploads/CHNA-2019B.pdf,N/A,N/A
6361410,Davis Regional Medical Center,218 Old Mocksville Road,Statesville,28625-1930,NC,"Community Health Systems, Inc.",,N/A unable to find,,,,,,,,,
6361180,Duke Raleigh Hospital,3400 Wake Forest Road,Raleigh,27609-7373,NC,Duke University Health System,Non-Profit,2019,Combination of counties and places,Wake,N/A,"Macon Pond, Cary, Raliegh","Health Insurance Coverage, Transportation,  Access to Health Services, Mental Health, Substance Use","Mental Health and Substance use, Access to Health Services, Health Insurance Coverage",N/A,https://corporate.dukehealth.org/sites/default/files/2019-12/DRAH%20Wake%20County%20CHNA%20FY17-19%20Plan%20plus%20FY18%20Progress%20Report.pdf,N/A
6360440,Duke Regional Hospital,3643 North Roxboro Street,Durham,27704-2763,NC,Duke University Health System,Non-Profit,2019,Combination of counties and places,Durham,N/A,Duraham ,"Affordable housing, Access to healthcare, health insurance, Poverty, Mental health, Obesity, diabetes, food access","Affordable housing, Access to healthcare, health insurance, Poverty, Mental health, Obesity, diabetes, food access",https://corporate.dukehealth.org/sites/default/files/2019-12/DRH%20FY19%20Community%20Health%20Assessment%20and%20Implementation%20Plan.pdf,https://corporate.dukehealth.org/sites/default/files/2019-12/DRH%20FY19%20Community%20Health%20Assessment%20and%20Implementation%20Plan.pdf,N/A
6360355,Duke University Hospital,2301 Erwin Road,Durham,27705-4699,NC,Duke University Health System,Non-Profit,2020,List of Counties,Durham,N/A,N/A,"Affordable Housing, Access to Healthcare and insurance, Poverty, Mental Health, Obesity, diabetes, food access","Affordable Housing, Access to Healthcare and insurance, Poverty, Mental Health, Obesity, diabetes, food access",https://healthydurham.org/cms/wp-content/uploads/2021/08/2020-CHA-FINAL.pdf,N/A,N/A
6360435,Durham Veterans Affairs Medical Center,508 Fulton Street,Durham,27705-3897,NC,Department of Veterans Affairs,Non-Profit,N/A unable to find,,,,,,,,,
6361055,Erlanger Western Carolina Hospital,3990 U S Highway 64 East Alt,Murphy,28906-7917,NC,Erlanger Health System,Non-Profit,2022,List of Counties,"Cherokee, Clay, Graham",N/A,N/A,"Mental Health Access, Increased Access to Special Care, Additional primary care services, Increased services for the elderly, Expanded access to substance abuse treatment","Expand Access to Behavioral Health Care, Expand Access to Primary Care and Specialty Care, Care Coordination, Healthcare Literacy",https://www.erlanger.org/media/file/CHNA/2022/_EWCH-Final-04-CHNA-2022.pdf,N/A,N/A
6360510,Fayetteville Veterans Affairs Medical Center,2300 Ramsey Street,Fayetteville,28301-3899,NC,Department of Veterans Affairs,Public,N/A unable to find,,,,,,,,,
6361485,FirstHealth Montgomery Memorial Hospital,520 Allen Street,Troy,27371-2802,NC,FirstHealth of the Carolinas,Non-Profit,2020,Combination of counties and places,Montgomery ,N/A,"Troy, Mt. Gilead, Star, Biscoe, Cando","Diseases of the Heart, Mental Health /Substance Abuse, Minority Health Equity","Diseases of the Heart, Mental Health /Substance Abuse, Minority Health Equity",https://nmcdn.io/e186d21f8c7946a19faed23c3da2f0da/9938771685204d8ea2bbc1353c6b7aed/files/Montgomery-Complete-CHA.pdf,https://nmcdn.io/e186d21f8c7946a19faed23c3da2f0da/9938771685204d8ea2bbc1353c6b7aed/files/Montgomery-Complete-CHA.pdf,N/A
6361150,FirstHealth Moore Regional Hospital,155 Memorial Drive,Pinehurst,28374-8710,NC,FirstHealth of the Carolinas,Non-Profit,2022,List of Counties,"Moore, Richmond, Montgomery, Lee, Hoke",N/A,N/A,"Chronic disease prevalence specific to diabetes, obesity, cardiovascular disease, stroke, chronic obstructive pulmonary disease, hypertension, cholesterol, kidney disease, Cancer, Dental care, Access to and the consumption of healthy foods, Tobacco and alcohol use, Prescription drug use/misuse, Access to care for uninsured","Chronic disease prevalence specific to diabetes, obesity, cardiovascular disease, stroke, chronic obstructive pulmonary disease, hypertension, cholesterol, kidney disease, Cancer, Dental care, Access to and the consumption of healthy foods, Tobacco and alcohol use, Prescription drug use/misuse, Access to care for uninsured",https://www.firsthealth.org/media/7942/chna.pdf,https://www.firsthealth.org/media/7942/chna.pdf,N/A
6360008,Frye Regional Medical Center,420 North Center Street,Hickory,28601-5049,NC,Duke LifePoint Healthcare,Non-Profit,2019,"Combination of counties, zip codes, and places",Catawba,"28601, 28658, 28613","Hickory, Newton, Conover","Access to health care, Aging population, Behavioral health, Chronic disease- heart disease, stroke, cancer, diabetes, kidney disease, Education, Healthy food, Healthy weight, Housing, Injuries and violence, Minority stressors/ discrimination, Physical activity, Sexual and reproductive health, Substance use, Transportation, Vaccine preventable disease","Healthy Foods, Chronic Disease, Healthy Weight, Education, Behavioral Health",https://www.fryemedctr.com/sites/frye/assets/uploads/Frye%20Regional%202019%20Community%20Health%20Needs%20Assessment.pdf,https://www.fryemedctr.com/sites/frye/assets/uploads/Frye%20Regional%202019%20Implementation%20Plan.pdf,N/A
6361120,Granville Health System,1010 College Street,Oxford,27565-2507,NC,,,N/A unable to find,,,,,,,,,
6361255,Halifax Regional Medical Center,250 Smith Church Road,Roanoke Rapids,27870-4914,NC,Novant Health,Non-Profit,2019,Combination of counties and zip codes,Halifax,"27844, 27890, 27823, 27874, 27839, 27870, 27850",N/A,"Obesity, Physical Activity and Nutrition, Maternal, Fetal and Infant Health","Obesity, Physical Activity and Nutrition, Maternal, Fetal and Infant Health",https://www.halifaxnc.com/DocumentCenter/View/1144/2019-Community-Health-Needs-Assessment,https://www.halifaxnc.com/DocumentCenter/View/1144/2019-Community-Health-Needs-Assessment,N/A
6360385,Harnett Health System,800 Tilghman Drive,Dunn,28334-5599,NC,Cape Fear Valley Health System,Non-Profit,2022,Combination of counties and places,Harnett,N/A,"Anderson Creek, Averasboro, Barbecue, Black River, Buckhorn, Duke, Grove, Hectors Creek, Johnsonville, Lillington, Neills Creek, Stewards Creek, and Upper Little River townships. Angier, Coats, Dunn, Erwin","Diabetes, Cancer, Heart Disease,Awareness and Education, Obesity, Safety","Cancer, Heart disease, Unintentional Injuries, Chronic lower respiratory disease, Cerebrovascular disease, Alzheimer, Diabetes Mellitus, Motor vehicle injuries, Nephritis , Nephrotic Syndrome",https://myharnetthealth.org/wp-content/uploads/2022/09/Harnett-Health-System-CHNA-2022-FINAL.pdf,https://myharnetthealth.org/wp-content/uploads/2020/09/CHNA-2020-Implementation-table-011320.pdf,N/A
6361440,Harris Regional Hospital,68 Hospital Road,Sylva,28779-2722,NC,Duke LifePoint Healthcare,For-Profit,2022,Combination of counties and places,Jackson,N/A,"Sylva, Dillsboro, Webster, Cullowhee, Forest Hills, Tuckasegee, Whittier",Obesity/Physical Activity/Nutrition  Substance Abuse Prevention,"Obesity/Physical Activity/Nutrition, Substance Abuse Prevention",https://www.myharrisregional.com/sites/harris/assets/uploads/2022%20Jackson%20CHNA%20(Repaired).pdf,https://www.myharrisregional.com/sites/harris/assets/uploads/2019%20Jackson%20CHNA_.pdf,N/A
6361540,Haywood Regional Medical Center,262 Leroy George Drive,Clyde,28721-7430,NC,Duke LifePoint Healthcare,For-Profit,2021,Combination of counties and places,Haywood,N/A,"Waynesville, Canton, Clyde, Maggie Valley","Chronic disease, Substance use, Mental Health, Violent crime, Social determinants of Health ","Mental Health, Obesity, Substance Use",https://schs.dph.ncdhhs.gov/units/ldas/cha2021/Haywood2021-CHA.pdf,https://www.haywoodcountync.gov/DocumentCenter/View/2904/2018-Haywood-Community-Health-Assessment---3-4-20,N/A
6360780,High Point Medical Center,601 North Elm Street,High Point,27262-4398,NC,Wake Forest Baptist Health,Non-Profit,2022,List of Zip Codes,N/A,"27205, 27260, 27262, 27263, 27265, 27282, 27292, 27317, 27350, 27360, 27370, 27407",N/A,"Access to Care, Social Drivers of Health Equity and Social Injustice, Chronic and Emerging Disease Management/Prevention","Access to Care, Social Drivers of Health Equity and Social Injustice, Chronic and Emerging Disease Management/Prevention",https://cdn.atriumhealth.org/-/media/wakeforest/clinical/files/about-us/health-needs-assessment/hpmc-chna-2022-2024.pdf?rev=4da84cfef2c74900979ca5e7c0af1d59&hash=95498D44FDC612FA6450FBE3D0D8946F,https://cdn.atriumhealth.org/-/media/wakeforest/clinical/files/about-us/ahwfb---hpmc-chna-implementation-strategy-2022-2024---final-board-approved.pdf?rev=3bae143466394b33838b02a838eb9105&hash=63CBD40803F24C1CA2A0DE20A9E82D5E,N/A
6360775,Highlands-Cashiers Hospital,190 Hospital Drive,Highlands,28741-7600,NC,HCA Healthcare,Unable to Find,N/A unable to find,,,,,,,,,
6360495,Highsmith-Rainey Specialty Hospital,150 Robeson Street,Fayetteville,28301-5570,NC,Cape Fear Valley Health System,Non-Profit,2022,List of Counties,Cumberland,N/A,N/A,"Heart Disease, Cancer, Chronic Respiratory Disease, Other unintentional injuries, Alzheimer's Disease, Diabetes, Stroke, Motor Vehicle Accidents, Pneumonia and Influenza, Suicide, Obesity, Fitness and Nutrition, Substance Abuse","Substance Abuse/Opioid Addiction, Access to Health Services, Chronic Disease Management ",https://www.capefearvalley.com/downloads/CHNA/Cumberland-CHNA-2022.pdf,N/A, twright@co.cumberland.nc.us
6360449,Hoke Hospital,210 Medical Pavilion Drive,Raeford,28376-9111,NC,Cape Fear Valley Health System,Non-Profit,2018,Combination of counties and zip codes,Hoke,28376,N/A,"Access to Health Services, Maternal, Fetal & Infant Health, Transportation, Wellness & Lifestyle, Respiratory Diseases, Diabetes, Other Chronic Diseases, Social Environment and Public Safety. Diabetes, Cancer, Teenage Pregnancy, High Blood Pressure, Sexually Transmitted Diseases, Aging Problems, Dental Problems, Heart Disease/Stroke, HIV/AIDS, Child Abuse/Neglect","Access to Health Services, Maternal, Fetal & Infant Health, Transportation, Wellness & Lifestyle, Respiratory Diseases, Diabetes, Other Chronic Diseases, Social Environment and Public Safety. Diabetes, Cancer, Teenage Pregnancy, High Blood Pressure, Sexually Transmitted Diseases, Aging Problems, Dental Problems, Heart Disease/Stroke, HIV/AIDS, Child Abuse/Neglect",https://www.hokecounty.net/DocumentCenter/View/1495/Hoke-County-Community-Health-Assessment-2018-Final-,N/A,N/A
6361165,Holly Hill Hospital,3019 Falstaff Road,Raleigh,27610-1812,NC,"Universal Health Services, Inc.",Non-Profit,2019,Combination of counties and zip codes,Wake,27610,N/A,"Transportation Options and Transit, Employment, Access to Care, Mental Health/Substance Use Disorders, Housing and Homelessness","Transportation Options and Transit, Employment, Access to Care, Mental Health/Substance Use Disorders, Housing and Homelessness",https://www.rexhealth.com/app/files/public/948514ec-e4b0-4522-99d6-3aec27e53e85/pdf-rex-aboutus-2019-wake-county-chna---report-final.pdf,N/A,N/A
6360460,Hugh Chatham Memorial Hospital,180 Parkwood Drive,Elkin,28621-2430,NC,,Non-Profit,2022,Combination of counties and zip codes,"Surry, Wilkes, Yadkin, Alleghany","28683, 28676, 27017, 28621, 28642, 28670, 27020",N/A,"Cost of Care, Prescription Drug Abuse, Promotion of Healthy Living and Preventative Care","Cost of Care, Prescription Drug Abuse, Promotion of Healthy Living and Preventative Care",https://hughchatham.org/wp-content/uploads/2023/01/2022-Community-Health-Needs-Assessment-Report.pdf,https://hughchatham.org/wp-content/uploads/2023/01/2022-Community-Health-Needs-Assessment-Report.pdf,N/A
6361421,Iredell Health System,557 Brookdale Drive,Statesville,28677-4107,NC,,Non-Profit,2022,List of Counties,"Iredell, Alexander, Davie, Catawba, Wilkes",N/A,N/A,"Mental Health, Substance Abuse, Preventive Cancer screening","Health education about the impact of Diabetes, Cardiovascular diseases, Substance abuse, Cancer Screening",https://res.cloudinary.com/dpmykpsih/image/upload/iredell-health-system-site-359/media/62ba03765b9d4c8dadbe3dcc0c2db5ef/2022_chna_final.pdf,https://www.iredellhealth.org/media/1743/chna-2016.pdf,IredellHealth.org/Contact-Us
6361400,J. Arthur Dosher Memorial Hospital,924 North Howe Street,Southport,28461-3099,NC,,Non-Profit,2021,Combination of counties and places,Brunswick,N/A,Smithville,"Aging, Acess to Health Care, Environmental Health, Road Maintenance, Substance Misuse, Chronic Conditions, Social Determinants of Health, Infant and Maternal Health","Substance misuse, Acess to Health care, Chronic conditions ",https://www.dosher.org/docs/2021_2024_Community_Health_Needs_Assessment_0309022.pdf,https://www.dosher.org/docs/Community_Health_Implementation_Plan_2021_2024_030922.pdf,N/A
6361395,Johnston Health,509 North Bright Leaf Blvd,Smithfield,27577-4407,NC,UNC Health Care,Non-Profit,2022,List of Counties,Johnston,N/A,N/A,"Low Income, Substance Use, Transportation, Affordable Housing, Uninsured,Healthy food","Access to care, Substance use disorder, Transportation",https://www.johnstonhealth.org/app/files/public/4528f78e-35e2-43ab-8dbd-26e8d086da3d/Final%20Johnston%202021-2022%20CHNA%20(with%20resources).pdf,https://www.johnstonhealth.org/app/files/public/703a5ecb-b7c0-469d-aa86-2fc6ec02ccd1/CommunityHealthImplementationPlan_2022Presentation.pdf,health_dept@johnstonnc.com
6360200,Julian F. Keith Alcohol and Drug Abuse Treatment Center,201 Tabernacle Road,Black Mountain,28711-2599,NC,,Public,N/A unable to find,,,,,,,,,
6360640,Kindred Hospital-Greensboro,2401 Southside Boulevard,Greensboro,27406-3311,NC,Kindred Healthcare,For-Profit,N/A unable to find,,,,,,,,,
6360990,Lake Norman Regional Medical Center,171 Fairview Road,Mooresville,28117-9500,NC,"Community Health Systems, Inc.",For-Profit,N/A unable to find,,,,,,,,,
6361190,"Larry B. Zieverink, Sr. Alcoholism Treatment Center",3000 Falstaff Road,Raleigh,27610-1897,NC,,,N/A unable to find,,,,,,,,,
6360375,Lifebrite Community Hospital of Stokes,1570 NC 8 & 89 Highway North,Danbury,27016,NC,"LifeBrite Hospital Group, LLC",,N/A unable to find,,,,,,,,,
6360020,LifeCare Hospitals of North Carolina,1051 Noell Lane,Rocky Mount,27804-1761,NC,LifeCare Management Services,,N/A unable to find,,,,,,,,,
6360750,Margaret R. Pardee Memorial Hospital,800 North Justice Street,Hendersonville,28791-3410,NC,UNC Health Care,Non-Profit,2021,List of Counties,"Henderson, Buncombe, Cherokee, Clay, Graham, Haywood, Henderson, Jackson, Macon, Madison, McDowell, Mitchell, Polk, Rutherford, Swain, Transylvania, Yancey",n/a,n/a,"adult obesity, opiod overdose, tobacco, sexual health ","Mental Health, Substance Misuse , Physical Activity and Nutrition , Safe and Affordable Housing, Interpersonal Violence",https://www.hendersoncountync.gov/sites/default/files/fileattachments/health/page/37177/henderson_county_2021_cha_revised.26.22_0.pdf,https://embed.clearimpact.com/Scorecard/Embed/76150 ,cstewart@hendersoncountync.gov
6360730,Maria Parham Medical Center,566 Ruin Creek Road,Henderson,27536-2927,NC,Duke LifePoint Healthcare,Non-Profit,2022,List of Counties,"Granville, Vance, Franklin",N/A,N/A,"mental health and substance use, access to healthcare, youth well-being, community safety, access to healthy food and physical activity","mental health and substance use disorder, access to healthcare, engaging youth to advance community health and safety",https://www.mariaparham.com/sites/maria/assets/uploads/MPH%202022%20CHA.final.pdf ,https://www.mariaparham.com/sites/maria/assets/uploads/MPH%20CHNA%20Implementation%20Plan.pdf ,N/A
6361565,Martin General Hospital,310 South McCaskey Road,Williamston,27892-2150,NC,Quorum Health,Unable to Find,N/A unable to find,,,,,,,,,
6360970,McDowell Hospital,430 Rankin Drive,Marion,28752-6568,NC,HCA Healthcare,For-Profit,2016,List of Counties,"Buncombe, Cherokee, Clay, Graham, Haywood, 9 Henderson, Jackson, Macon, Madison, McDowell, Mitchell, Polk, Rutherford, Swain, Transylvania,Yancey",N/A,N/A,"Diabetes,Secondhand smoke, Overweight, Poverty, tobacco use,Substance abuse","Tobacco free lifestyles, Easy access to healthy food and activity, Addiction free lifestyles",https://missionhealth.org/wp-content/uploads/2018/04/2016-McDowell-Hospital-Community-Health-Needs-Assessment-CHNA.pdf,https://missionhealth.org/wp-content/uploads/2018/04/2013-McDowell-Hospital-Implementation-Strategy.pdf,N/A
6360013,Mission Hospital,509 Biltmore Avenue,Asheville,28801-4690,NC,HCA Healthcare,For-Profit,2016,List of Counties,"Buncombe, Madison",N/A,N/A,"Infant deaths, Obesity, Diabetes, Adverse Childhood experiences, Suicide, Sexually transmitted diseases","Intimate Partner Violence,  mental health, healthy weight, infant mortality",https://missionhealth.org/wp-content/uploads/2018/04/2016-Mission-Hospital-Community-Health-Needs-Assessment-CHNA.pdf,N/A,
6360002,Moses H. Cone Memorial Hospital,1200 North Elm Street,Greensboro,27401-1020,NC,Cone Health,Non-Profit,2019,List of Counties,"Alamance, Guilford,  Rockingham, Orange, Caswell, Forsyth, Chatham, Davidson, Randolph",N/A,N/A,"Prevention of Chronic Disease, Especially Diabetes, Prevention of Addiction and Promoting Strong Mental Health, Promoting Living Conditions that Contribute to Health, Eliminating Bias and Discrimination in Healthcare","Prevention of Chronic Disease, Especially Diabetes, Prevention of Addiction and Promoting Strong Mental Health, Promoting Living Conditions that Contribute to Health, Eliminating Bias and Discrimination in Healthcare",https://www.conehealth.com/app/files/public/d196655d-6bd5-414f-9eb2-aebe92606001/2019-cone-health-chna.pdf,https://www.conehealth.com/app/files/public/61ff653e-69c1-473a-b150-712215678282/Needs-Assessment-Action-Plan-2020-2022.pdf,N/A
6361291,Nash UNC Health Care,2460 Curtis Ellis Drive,Rocky Mount,27804-2237,NC,UNC Health Care,Non-Profit,2022,List of Counties,Nash,N/A,N/A,"crime, poverty, stds, adult obesity, diabetes, heart disease, cancer, teen births, respiratory disease","metabolic syndrome, poverty, behavioral health",https://www.nashunchealthcare.org/app/files/public/2208949e-8542-43a4-b932-e7f696ced57f/Nash%20County%202021-2022%20CHNA%20Report.pdf,https://www.nashunchealthcare.org/app/files/public/21dcf5f1-d864-42a6-9170-0900fc8c7873/2022_CHNA_ImplementationPlan_Adopted.pdf,kirby.slade@unchealth.unc.edu
6360250,Naval Hospital Camp Lejeune,100 Brewster Boulevard,Camp Lejeune,28547-2538,NC,"Bureau of Medicine and Surgery, Department of the Navy",Unable to Find,N/A unable to find,,,,,,,,,
6360019,New Hanover Regional Medical Center,2131 South 17th Street,Wilmington,28401-7483,NC,New Hanover Regional Medical Center,Non-Profit,2022,"Combination of counties, zip codes, and places","New Hanover, Brunswick, Pender, Onslow","28451, 28461,28462 28479,28412, 28401, 28411, 28403 28409, 28429, 28428, 28540, 28445, 28460, 28546, 28443 28457, 28425 ","Leland, Southport, Supply, Winnabow, Wilimington, Castle Hayne, Carolina Beach, Holly Ridge, Jacksonville, Sneads Ferry, Hampstead, Rocky Point, Burgaw ","Mental health/drug misuse, Resilience to toxic stress, Diabetes response, Hypertension ,Screenings to detect disease, Housing, Gun violence, Food security, Community building","Mental Health, Substance use, Access to care, Food insecurity",https://www.novanthealth.org/globalassets/buttons-and-documents-ctaslinks/documents-pdfs/report-new-hanover-regional-medical-center-chna-2022-2024-11-17-22.pdf,https://www.novanthealth.org/globalassets/buttons-and-documents-ctaslinks/documents-pdfs/report-new-hanover-regional-medical-center-chna-2022-2024-11-17-22.pdf,N/A
6361035,Northern Hospital of Surry County,830 Rockford Street,Mount Airy,27030-5365,NC,,For-Profit,2022,"Combination of counties, zip codes, and places","Patrick, Carrol, Surry","27007,27017,27024,27030, 27041,27047,28621,28676","Ararat, Dobson, Lowgap, Mount Airy, Pilot Mountain, Siloam, Elkin, State Road","Accessibility, Affordability, Obesity, Overweight, Mental Health, Cancer, Heart disease","Affordability/Accessibility, Education/Prevention, Obesity/Overweight",https://choosenorthern.org/wp-content/uploads/2022/11/final-CHNA-09.19.22.pdf,https://choosenorthern.org/wp-content/uploads/2022/11/final-CHNA-09.19.22.pdf,N/A
6361350,Novant Health Brunswick Medical Center,240 Hospital Drive NE,Bolivia,28422-8346,NC,Novant Health,Non-Profit,2019,List of Counties,"Pender, Brunswick",N/A,N/A,"Substance use, Mental Health, Education, Prevention and screening of Chronic diseases, Food insecurity, Housing, access to resources","Mental Health, Drug Misuse, Resilience to Toxic Stress, Diabetes Response, Hypertension, Screening to Detect Disease, Housing,Gun Violence, Food Security,Community Building",https://www.novanthealth.org/contentassets/a4bb8c0e198d4dd3a0a8907bb196e631/nhrmc-chna.pdf,https://www.novanthealth.org/Portals/92/novant_health/documents/about_us/community/2020-2021/2019-2021%20NHBMC%20CBIP.pdf,N/A
636060A,Novant Health Charlotte Orthopaedic Hospital,1901 Randolph Road,Charlotte,28207-1195,NC,Novant Health,Non-Profit,2022,"Combination of counties, zip codes, and places","Cabarrus, Catawba, Gaston, Iredell, Lancaster, Lincoln, Mecklenburg, Rowan, Stanly, Union, York","28027, 28025, 28601, 28054, 28120, 28056, 28052, 28117, 28115, 29707, 29720, 28037, 28227, 28215, 28216, 28105, 28269, 28277, 28214, 28078, 28226, 28210, 28031, 28205, 28208, 28211, 28213, 28273, 28270, 28278, 28212, 28036, 28206, 28217, 28207, 28209, 28202, 28146, 28001, 28110, 28173, 28104, 28079, 28112, 29708, 29730, 29710, 29732, 29715, 29745","concord, hickory, gastonia, mount holly, mooresville, fort mill, lancaster, denver, charlotte, matthews, huntersville, cornelius, davidson, salisbury, albemarle, monroe, waxhaw, indian trail, rock hill, clover","Access to care, Chronic disease prevention,Ê Emerging health issues, Healthy environment, Healthy pregnancy, HIV and other STIs, Injury Prevention, Mental health, Substance use disorder, Violence prevention","Mental Health,Ê Access to Care, Chronic Disease, Violence Prevention",https://www.google.com/url?q=https://www.novanthealth.org/globalassets/buttons-and-documents-ctaslinks/documents-pdfs/report-charlotte-orthopedic-hospital-chna-2022-2024-10-19-22.pdf&sa=D&source=editors&ust=1699372524694675&usg=AOvVaw1E1mVRngUl3nu0lXThF45-,https://www.google.com/url?q=https://www.novanthealth.org/globalassets/buttons-and-documents-ctaslinks/documents-pdfs/report-charlotte-orthopedic-hospital-chna-2022-2024-10-19-22.pdf&sa=D&source=editors&ust=1699372524694675&usg=AOvVaw1E1mVRngUl3nu0lXThF45-,N/A
6361685,Novant Health Forsyth Medical Center,3333 Silas Creek Parkway,Winston-Salem,27103-3090,NC,Novant Health,Non-Profit,2019,"Combination of counties, zip codes, and places",Winston-Salem,"27006, 27055, 27012, 27101, 27018, 27103, 27021, 27104, 27023, 27105, 27028, 27106, 27030, 27107, 27040, 27127, 27045, 27284, 27052, 27295","Advance Davie, Yadkinville Davie, Clemmons Forsyth, Winston Salem Forsyth, East Bend Yadkin, Winston Salem Forsyth, King Stokes, Winston Salem Forsyth, Lewisville Forsyth, Winston Salem Forsyth, Mocksville Davie, Winston Salem Forsyth, Mount Airy Surry, Winston Salem Forsyth, Pfafftown Forsyth, Winston Salem Forsyth, Rural Hall Forsyth, Kernersville Forsyth, Walnut Cove Forsyth, Lexington Davidson","Drug Overdose, Chronic Diseases including Oral Health, Mental Health, Communicable Diseases, Maternal & Infant Health, Health Disparities/Quality of Life","Chronic Diseases, Oral health, Sexual Health, Maternal and Infant Health",https://www.novanthealth.org/Portals/92/novant_health/documents/about_us/community/2020-2021/2019-2021%20NHFMC-CHNA.pdf,https://www.novanthealth.org/Portals/92/novant_health/documents/about_us/community/2020-2021/2019-2021%20NHFMC%20CBIP.pdf,N/A
6360026,Novant Health Huntersville Medical Center,10030 Gilead Road,Huntersville,28078-7545,NC,Novant Health,Non-Profit,2019,"Combination of counties, zip codes, and places",Mecklenburg,"28078, 28269, 28031, 28216, 28037, 28117, 28036, 28115, 28214, 28027","Huntersville, Charlotte, Cornelius, Denver, Mooresville, Davidson, Concord","Access to Care, Injury, Chronic Disease Prevention,  Mental Health, Environmental Health,  Substance Use Disorder, Healthy Pregnancy, Violence Prevention,HIV and STD","Mental Health, Access to care, Chronic Disease Prevention, Violence Prevention, Substance Use Disorder, Healthy Environment, HIV & STD Prevention, Healthy Pregnancy, Injury Prevention",https://www.novanthealth.org/Portals/92/novant_health/documents/about_us/community/2020-2021/2019-2021-NHHMC%20CHNA.pdf,https://www.novanthealth.org/Portals/92/novant_health/documents/about_us/community/2020-2021/2019-2021-NHHMC%20CHNA.pdf,N/A
6360012,Novant Health Matthews Medical Center,1500 Matthews Township Parkway,Matthews,28105-4656,NC,Novant Health,Non-Profit,2022,Combination of counties and zip codes,"Mecklenburg, Lancaster, Union","29707, 28105, 28227, 28277, 28270, 28212, 28226, 28215, 28079, 28110, 28104, 28173, 28112",N/A,"Mental Health, Access to Care, Chronic Disease, Violence Prevention","Mental Health, Access to Care, Chronic Disease, Violence Prevention",https://www.novanthealth.org/globalassets/buttons-and-documents-ctaslinks/documents-pdfs/report-matthews-medical-center-chna-2022-2024-10-19-22.pdf,N/A,N/A
6361686,Novant Health Medical Park Hospital,1950 South Hawthorne Road,Winston-Salem,27103-3993,NC,Novant Health,Non-Profit,2022,Combination of counties and zip codes,"Davidson, Davie, Forsyth, Galax City, Guilford, Iredell, Stokes, Surry, Wilkes, Yadkin","27295, 27292, 27360, 27028, 27006, 27284, 27107, 27012, 27106, 27103, 27127, 27104, 27105, 27023, 27040, 27040, 27020, 27018",N/A,"Chronic Diseases, Drug Overdose, Maternal and Infant Health, Infant Mortality Disparity Ratio, Mental Health, Violence-Related Behaviors","Infant Mortality, Infant Mortality Disparity Ratio, Youth Violence, Chronic Disease, Behavioral Health",https://www.novanthealth.org/globalassets/buttons-and-documents-ctaslinks/documents-pdfs/report-medical-park-hospital-chna-2022-2024-11-30-22.pdf,N/A,N/A
6360320,Novant Health Presbyterian Medical Center,200 Hawthorne Lane,Charlotte,28204-2528,NC,Novant Health,Non-Profit,2022,Combination of counties and zip codes,"Cabarrus, Gaston, Mecklenburg, Union, York","28027, 28012, 28205, 28216, 28215, 28208, 28227, 28269, 28212, 28214, 28210, 28211, 28206, 28078, 28273, 28105, 28213",N/A,"Access to care, Chronic disease prevention, Emerging health issues, Healthy environment, Healthy pregnancy, HIV and other STIs, Injury Prevention, Mental health, Substance use disorder, Violence prevention","Mental Health, Access to Care, Chronic Disease, Violence Prevention",https://www.novanthealth.org/globalassets/buttons-and-documents-ctaslinks/documents-pdfs/report-presbyterian-medical-center-chna-2022-2024-10-19-22.pdf,N/A,N/A
6361340,Novant Health Rowan Medical Center,612 Mocksville Avenue,Salisbury,28144-2799,NC,Novant Health,Non-Profit,2022,Combination of counties and zip codes,"Cabarrus, Davidson, Davie, Rowan","28081, 27295, 27028, 28144, 28146, 28147, 28138, 28023, 28159, 27013, 27054 ",N/A,"Access to healthcare, Affordable housing, Child abuse and neglect, Employment and workforce, Healthy lifestyle behaviors, Mental health, Substance use, Transportation to essential health and human services, Violent crime"," Mental Health, Substance Use, Healthy Lifestyles",https://www.novanthealth.org/globalassets/buttons-and-documents-ctaslinks/documents-pdfs/report-rowan-medical-center-chna-2022-2024-10-26-22.pdf,N/A,N/A
6361480,Novant Health Thomasville Medical Center,207 Old Lexington Road,Thomasville,27360-3428,NC,Novant Health,Non-Profit,2022,"Combination of counties, zip codes, and places","davidson, guilford, randolph","27360, 27295, 27292, 27239, 27263, 27370","lexington, thomasville, high point, trinity, denton","Substance abuse,Obesity , Mental Health, Diabetes, Cancer, Alcoholism, Tobacco, Infectious Diseases, Other Chronic Diseases, Sexually Transmitted Diseases, Lung Disease, Pediatric Health","Substance Abuse, Obesity, Mental Health, Diabetes, Cancer, Alcoholism, Tobacco, Infectious Diseases, Other Chronic Diseases, Sexually Transmitted Diseases, Lung Disease, Pediatric Health",https://www.novanthealth.org/globalassets/buttons-and-documents-ctaslinks/documents-pdfs/report-thomasville-medical-center-chna-2022-2024-10-18-22.pdf,https://www.novanthealth.org/globalassets/buttons-and-documents-ctaslinks/documents-pdfs/report-thomasville-medical-center-chna-2022-2024-10-18-22.pdf,N/A
6361690,Old Vineyard Behavioral Health Services,3637 Old Vineyard Road,Winston-Salem,27104-4842,NC,"Universal Health Services, Inc.",For-Profit,N/A unable to find,,,,,,,,,
6360805,Onslow Memorial Hospital,317 Western Boulevard,Jacksonville,28546-6379,NC,,Non-Profit,2021,List of Counties,Onslow ,N/A,N/A,"Access to Health Services, Economy, Exercise, Nutrition & Weight, Heart Disease & Stroke, Other Chronic Diseases, Public Safety, Respiratory Diseases, Social Environment, Substance Abuse","Exercise/Weight/Nutrition, Substance Abuse, Other Chronic Diseases ",https://d17k4s9qki18rb.cloudfront.net/media/uploads/Onslow-County-CHNA-2021_FINAL_reduced.pdf,https://d17k4s9qki18rb.cloudfront.net/media/uploads/Onslow-County-Community-Health-Implementation-Plan-2021-2024.pdf,will.broughton@foundationhli.org
6360225,Pender Memorial Hospital,507 East Freemont Street,Burgaw,28425-5131,NC,New Hanover Regional Medical Center,Non-Profit,2022,Combination of counties and zip codes,"PENDER, DUPLIN, NEW HANOVER, BRUNSWICK, SAMPSON","28425, 28457, 28478, 28466, 28421, 28405, 28435, 28521, 28401, 28451, 28411, 28444, 28458, 28443, 28412",N/A,"Access to healthcare, Mental health, Chronic disease, Dental health, Elder care options, Family planning, Pregnancy & infant wellness","Chronic Disease, Mental Health and Substance Use, Social Determinant of Health",https://www.novanthealth.org/globalassets/buttons-and-documents-ctaslinks/documents-pdfs/report-novant-health-pender-medical-center-2022-2024-chna-12-14-22.pdf,https://www.novanthealth.org/globalassets/buttons-and-documents-ctaslinks/documents-pdfs/report-novant-health-pender-medical-center-2022-2024-chna-12-14-22.pdf,N/A
6361320,Person Memorial Hospital,615 Ridge Road,Roxboro,27573-4629,NC,Duke LifePoint Healthcare,For-Profit,2019,List of Counties,Person,N/A,N/A,"Chronic Disease, Overweight/Obesity","Chronic Disease, Overweight/Obesity",https://www.personhospital.com/sites/person/assets/uploads/About%20Us/Person%20Memorial%202019%20Community%20Health%20Needs%20Assessment.pdf,https://www.personhospital.com/sites/person/assets/uploads/About%20Us/Person%20Memorial%202019%20Implementation%20Plan.pdf,N/A
6360040,Randolph Hospital,364 White Oak Street,Asheboro,27203-5400,NC,Atrium Health,Non-Profit,2019,Combination of counties and places,Randolph,N/A,"Archdale, Asheboro, Franklinville, Liberty, Ramseur, Randleman, Seagrove, Staley, Trinity","Overweight/Obesity, Cancer, Diabetes, Mental Health, Overdose","Early and Middle Childhood, Health-Related Quality of Life and Well-Being, Mental Health",https://www.randolphhealth.org/media/1488/2019-randolph-county-community-health-assessment-final-report.pdf,https://www.randolphhealth.org/media/1488/2019-randolph-county-community-health-assessment-final-report.pdf,N/A
6361330,Rutherford Regional Health System,288 South Ridgecrest Avenue,Rutherfordton,28139-2838,NC,Duke LifePoint Healthcare,For-Profit,2021,Combination of counties and places,Rutherford,N/A,"Bostic, Chimney Rock, Ellenboro, Forest City, Rutherfordton, Ruth, Spindale, Lake Lure","Obesity, Prevalence of Diabetes, Prevalence of COPD, Food Insecurity, Lack of Health Insurance, Physical Activity, Current Smokers, Prevalence of Heart Disease","Food Insecurity, Prevalence of Diabetes, Obesity",http://www.foothillshd.org/images/forms/1000/1120/cha/2021/FH1120.001.2021-R.pdf,http://www.foothillshd.org/images/forms/1000/1120/cha/2021/FH1120.001.2021-R.pdf,N/A
6360348,Sampson Regional Medical Center,607 Beaman Street,Clinton,28328-2697,NC,,Non-Profit,2021,List of Counties,Sampson ,N/A,N/A,"Low income/Poverty, Drugs, Lack of community resources","Obesity, Substance use, Teen Pregnancy",https://schs.dph.ncdhhs.gov/units/ldas/cha2021/Sampson2021-CHA.pdf,https://schs.dph.ncdhhs.gov/units/ldas/cha2021/Sampson2021-CHA.pdf,N/A
6360870,Scotland Health Care System,500 Lauchwood Drive,Laurinburg,28352-5599,NC,Atrium Health,Non-Profit,2019,Combination of counties and places,Scotland ,N/A,"Gibson, Laurel Hill, Laurinburg, Wagram","Obesity, Mental health, Cancer, Dental health, Access to health care, Health literacy, Underinsured, Gangs/violence/crime","Obesity related hypertension, heart disease, and diabetes, Mental health including substance misuse, Lack of positive youth engagement and healthy behaviors",https://cdn.atriumhealth.org/-/media/scotlandhealth/documents/chna/scotland-health-care-system-community-health-assessment-and-improvement-plan-2019---final---copy.pdf?rev=e56680df37804d03980dbae24b23381c&hash=95CBEB6F8B7EB576C0C010996D6C1798,https://cdn.atriumhealth.org/-/media/scotlandhealth/documents/chna/scotland-health-care-system-community-health-assessment-and-improvement-plan-2019---final---copy.pdf?rev=e56680df37804d03980dbae24b23381c&hash=95CBEB6F8B7EB576C0C010996D6C1798,N/A
6360027,Select Specialty Hospital-Durham,"3643 North Roxboro Road, 6th Floor",Durham,27704-2702,NC,Select Medical Corporation,For-Profit,N/A unable to find,,,,,,,,,
6360147,Select Specialty Hospital-Greensboro,"1200 North Elm Street, 5th Floor",Greensboro,27401-1004,NC,Select Medical Corporation,For-Profit,N/A unable to find,,,,,,,,,
6360450,Sentara Albemarle Medical Center,1145 North Road Street,Elizabeth City,27909-3474,NC,Sentara Healthcare,Non-Profit,2022,List of Counties,"Camden, Currituck, Gates, Pasquotank, Perquimans, Chowan, Dare",N/A,N/A,"Addiction, Cancer, COPD, Diabetes, Heart Disease, Heart Health, Mental Health, Obesity, Renal","Lifestyle and Healthy Behaviors, Access to Healthcare, Chronic Care Management, including Mental Health, Mental Health",https://shc-p-001.sitecorecontenthub.cloud/api/public/content/7159668cd8234a7692665932aebaa0f8?v=608023fa,https://shc-p-001.sitecorecontenthub.cloud/api/public/content/7159668cd8234a7692665932aebaa0f8?v=608023fa,N/A
6360950,Southeastern Health,300 West 27th Street,Lumberton,28358-3075,NC,,Non-Profit,2020,Combination of counties and places,Robeson,N/A,"Alfordsville, Back Swamp, Britts, Burnt Swamp, East Howellsville, Fairmont, Gaddy, Lumber Bridge, Maxton, Orrum, Parkton, Pembroke, Philadelphus, Raft Swamp, Raynham, Red Springs, Rennert, Rowland, Saddletree, Shannon, Smiths, Smyrna, St. Pauls, Sterlings, Thompson, Union, West Howellsville, Whitehouse, Wishart","chronic disease, obesity, substance misuse, teenage pregnancy, gangs/violence",Obesity and Substance Misuse/Mental Health,https://www.unchealthsoutheastern.org/app/files/public/2a1ba70d-57a8-45f1-9e3c-23b010dd5d59/2020_CommunityHealthNeedsAssesment.pdf,https://www.unchealthsoutheastern.org/app/files/public/2a1ba70d-57a8-45f1-9e3c-23b010dd5d59/2020_CommunityHealthNeedsAssesment.pdf,N/A
6361490,St. Luke's Hospital,101 Hospital Drive,Columbus,28722-6418,NC,Atrium Health,Non-Profit,2021,List of Counties,Polk ,N/A,N/A,"Mental Health, Substance Misuse, Prenatal Care","Mental Health, Substance Misuse, Prenatal Care",https://www.stlukesnc.org/docs/20220317_PolkCounty2021CHAFinal3.pdf,https://www.stlukesnc.org/docs/2022-25_CHIP_Plan_FINAL_FINAL_6-7-2022.pdf,Richard.Graves@slhnc.org
6369137,Strategic Behavioral Health - Charlotte,1715 Sharon Road West,Charlotte,28210-5663,NC,"Strategic Behavioral Health, LLC",Unable to Find,N/A unable to find,,,,,,,,,
6369135,Strategic Behavioral Health - Raleigh,3200 Waterfield Drive,Garner,27529-7727,NC,"Strategic Behavioral Health, LLC",Unable to Find,N/A unable to find,,,,,,,,,
6369136,Strategic Behavioral Health - Wilmington,2050 Mercantile Drive,Leland,28451-4053,NC,"Strategic Behavioral Health, LLC",Unable to Find,N/A unable to find,,,,,,,,,
6360222,Swain Community Hospital,45 Plateau Street,Bryson City,28713-4200,NC,Duke LifePoint Healthcare,For-Profit,2021,List of Counties,Swain,N/A,N/A,"Chronic Disease, Substance use prevention and reducing substance abuse in our community, COVID-19 Pandemic","Chronic Disease, Substance use prevention and reducing substance abuse in our community, COVID-19 Pandemic",https://www.myswaincommunity.com/sites/swain/assets/uploads/2022%20Swain%20CHNA%202.22.pdf,https://www.myswaincommunity.com/sites/swain/assets/uploads/2022%20Swain%20CHNA%202.22.pdf,N/A
6360021,The Outer Banks Hospital,4800 South Croatan Highway,Nags Head,27959-9704,NC,Vidant Health,Non-Profit,2022,List of Counties,Dare,N/A,N/A,"Cancer, Older Adults & Related Issues, Mental Health, Substance Use, Access to Healthcare","Mental Health, Substance Use, Access to Healthcare",https://www.outerbankshealth.org/wp-content/uploads/2022/09/2022-Dare-County-CHNA-Final.pdf,https://www.outerbankshealth.org/wp-content/uploads/2022/08/CHNA-Implementation-Strategy_BoardApproval_August5_2022-SIGNED.pdf,N/A
6360220,Transylvania Regional Hospital,260 Hospital Drive,Brevard,28712-3378,NC,HCA Healthcare,For-Profit,2021,List of Counties,Transylvania,N/A,N/A,"Mental Health, Substance Use, Obesity","Mental Health, Substance Use, Obesity",https://transylvaniahealth.org/wp-content/uploads/2022/06/2021-Transylvania-County-CHA.pdf,https://transylvaniahealth.org/wp-content/uploads/2022/06/2021-Transylvania-County-CHA.pdf,tara.rybka@transylvaniacounty.org
6360840,UNC Lenoir Healthcare,100 Airport Road,Kinston,28501-1634,NC,UNC Health Care,Non-Profit,2021,"Combination of counties, zip codes, and places",Lenoir,"28501, 28502, 28503, 28504, 28551, 28572","Kinston, La Grange, Pink Hill","Wellness & Lifestyle, Prevention & Safety, Community, Maternal, Fetal & Infant Health, Cancer, Economy, Heart Disease, Mortality Data, Mental Health & Mental Disorders, Immunizations & Infectious Diseases","Wellness & Lifestyle, Mental Health/Substance Use, Immunizations & Infectious Diseases",https://lenoirmemorial.thehcn.net/content/sites/lenoirmemorial/Lenoir_County_2021_CHNA.pdf,https://lenoirmemorial.thehcn.net/content/sites/lenoirmemorial/2021-2022_UNC_Lenoir_Health_Care_Implementation_Strategies.pdf,N/A
6361210,UNC REX Health Care,4420 Lake Boone Trail,Raleigh,27607-6599,NC,UNC Health Care,Non-Profit,2022,Combination of counties and places,Wake,N/A,"Apex, Cary, Fuquay-Varina, Garner, Holly Springs, Knightdale, Morrisville, Raleigh, Rolesville, Wake Forest, Wendell, Zebulon","Affordable Housing & Homelessness, Access to Healthcare, Mental Health","Affordable Housing & Homelessness, Access to Healthcare, Mental Health",https://www.rexhealth.com/app/files/public/8bdc0a32-dfe9-468b-a679-6a14884f5ace/pdf-system-community-2022%20CHNA%20Report.pdf,https://www.rexhealth.com/app/files/public/8bdc0a32-dfe9-468b-a679-6a14884f5ace/pdf-system-community-2022%20CHNA%20Report.pdf,N/A
6360880,UNC Rockingham Health Care,117 East King's Highway,Eden,27288-5201,NC,UNC Health Care,Non-Profit,2019,"Combination of counties, zip codes, and places",Rockingham,"27025, 27048, 27230, 27288, 27311, 27320","Eden, Reidsville, Wentworth, Mayodan, Madison, Stoneville","Mental Health/Substance Abuse, Opioids  Physical Activity and Nutrition, Diabetes, Social Determinants of Health,Education","Mental Health/Substance Abuse, Opioids  Physical Activity and Nutrition, Diabetes, Social Determinants of Health,Education",https://www.uncrockingham.org/app/files/public/41a6b77e-0d18-409f-b361-d1229a80b9de/2020-CHNA.pdf,https://www.uncrockingham.org/app/files/public/41a6b77e-0d18-409f-b361-d1229a80b9de/2020-CHNA.pdf,N/A
6360260,University of North Carolina Hospitals,101 Manning Drive,Chapel Hill,27514-4220,NC,UNC Health Care,Non-Profit,2022,Combination of counties and places,Wake ,N/A,"Apex, Cary, Fuquay-Varina, Garner, Holly Springs, Knightdale, Morrisville, Raleigh, Rolesville, Wake Forest, Wendell, Zebulon","Affordable Housing & Homelessness, Access to Healthcare, Mental Health","Affordable Housing & Homelessness, Access to Healthcare, Mental Health",https://www.rexhealth.com/app/files/public/8bdc0a32-dfe9-468b-a679-6a14884f5ace/pdf-system-community-2022%20CHNA%20Report.pdf,https://www.rexhealth.com/app/files/public/8bdc0a32-dfe9-468b-a679-6a14884f5ace/pdf-system-community-2022%20CHNA%20Report.pdf,N/A
6361525,Vidant Beaufort Hospital,628 East 12th Street,Washington,27889-3409,NC,Vidant Health,Non-Profit,2022,List of Counties,Beaufort,N/A,N/A,"Chronic Disease, Mental Health, Economy, Vulnerable Populations","Chronic Disease, Mental Health, Economy, Vulnerable Populations",https://www.ecuhealth.org/wp-content/uploads/2022/09/2022-Beaufort-County-CHNA-Final.pdf,https://www.ecuhealth.org/wp-content/uploads/2022/09/2022-Beaufort-County-CHNA-Final.pdf,NA
6361655,Vidant Bertie Hospital,1403 South King Street,Windsor,27983-9666,NC,Vidant Health,Non-Profit,2022,List of Counties,Bertie,N/A,N/A,"Access to Health Services, Cancer, Diabetes, Economy, Exercise, Nutrition & Weight, Heart Disease & Stroke, Behavioral Health, Substance Abuse","Healthy Lifestyle Behaviors, Access to Healthcare, Mental Health/Substance Misuse",https://www.ecuhealth.org/wp-content/uploads/2022/09/2022-Bertie-County-CHNA-Final.pdf,https://www.ecuhealth.org/wp-content/uploads/2022/09/2022-Bertie-County-CHNA-Final.pdf,N/A
6360445,Vidant Chowan Hospital,211 Virginia Road,Edenton,27932-9668,NC,Vidant Health,Non-Profit,2022,List of Counties,Chowan,N/A,N/A,"Access to Health Services, Cancer, Diabetes, Economy, Exercise, Nutrition & Weight, Heart Disease & Stroke, Behavioral Health, Substance Abuse","Healthy Lifestyle Behaviors, Access to Healthcare, Mental Health/Substance Misuse",https://www.ecuhealth.org/wp-content/uploads/2022/09/2022-Chowan-County-CHNA-Final.pdf,https://www.ecuhealth.org/wp-content/uploads/2022/09/2022-Chowan-County-CHNA-Final.pdf,N/A
6360822,Vidant Duplin Hospital,401 North Main Street,Kenansville,28349-8801,NC,Vidant Health,Non-Profit,2022,List of Counties,Duplin,N/A,N/A,"Chronic Disease Prevention, Access to Care, Mental Health/Illness","Chronic Disease Prevention, Access to Care, Mental Health/Illness",https://www.ecuhealth.org/wp-content/uploads/2022/09/2022-Duplin-County-CHNA-Final.pdf,https://www.ecuhealth.org/wp-content/uploads/2022/09/2022-Duplin-County-CHNA-Final.pdf,Janetta.matthews@vidanthealth.com
6361470,Vidant Edgecombe Hospital,111 Hospital Drive,Tarboro,27886-2011,NC,Vidant Health,Non-Profit,2022,List of Counties,Edgecombe,N/A,N/A,"Substance Abuse, Community Resources, Health Insurance, COVID-19 Pandemic, Transportation, Food Insecurity","Substance use/mental health, Social determinants of health, Health disparities and health equity",https://www.ecuhealth.org/wp-content/uploads/2022/09/2022-Edgecombe-County-CHNA-Final.pdf,https://www.ecuhealth.org/wp-content/uploads/2022/09/2022-Edgecombe-County-CHNA-Final.pdf,Lakesia.Everette@vidanthealth.com
6360690,Vidant Medical Center,2100 Stantonsburg Road,Greenville,27834-2818,NC,Vidant Health,Non-Profit,2022,List of Counties,Pitt,N/A,N/A,"Chronic Disease Prevention with a focus on Improving access to health foods, Reduction of sugar, sweetened beverage consumption, and Increase of Physical Activity, Mental / Behavioral Health, Infant Mortality Prevention","Chronic Disease Prevention with a focus on Improving access to health foods, Reduction of sugar, sweetened beverage consumption, and Increase of Physical Activity, Mental / Behavioral Health, Infant Mortality Prevention",https://www.ecuhealth.org/wp-content/uploads/2022/09/2022-Pitt-County-CHNA-Final.pdf,https://www.ecuhealth.org/wp-content/uploads/2022/09/2022-Pitt-County-CHNA-Final.pdf,N/A
6360003,Vidant Roanoke-Chowan Hospital,500 South Academy Street,Ahoskie,27910-3261,NC,Vidant Health,Non-Profit,2022,List of Counties,Hertford,N/A,N/A,"Access to Health Services, Cancer, Diabetes, Economy, Exercise, Nutrition & Weight, Heart Disease & Stroke, Behavioral Health, Substance Abuse","Healthy Lifestyle Behaviors, Access to Healthcare, Mental Health/Substance Misuse",https://www.ecuhealth.org/wp-content/uploads/2022/09/2022-Hertford-County-CHNA-Final.pdf,https://www.ecuhealth.org/wp-content/uploads/2022/09/2022-Hertford-County-CHNA-Final.pdf,N/A
6361345,W. G. (Bill) Heffner Veterans Affairs Medical Center,1601 Brenner Avenue,Salisbury,28144-2559,NC,Department of Veterans Affairs,Public,N/A unable to find,,,,,,,,,
6361100,Wake Forest Baptist Health - Wilkes Medical Center,1370 West 'D' Street,North Wilkesboro,28659-3506,NC,Wake Forest Baptist Health,Non-Profit,2022,"Combination of counties, zip codes, and places","Wilkes, Alexander","28635, 28651, 28654, 28659, 28697, 28606, 28624, 28665, 28669, 28681","Hays, Millers Creek, Moravian Falls, North Wilkesboro, Wilkesboro, Boomer, Ferguson, Purlear, Roaring River, Taylorsville","Chronic Diseases, Mental Health, Substance Abuse & Tobacco Use, Access to affordable housing, Access to healthy foods, Access to transportation, Access to affordable healthcare, Access to healthcare for the elderly and child populations, Lack of physical activity & affordable recreational facility options, Access to career and job centers","Access to Care, Social Impact and Injustice, Chronic and emerging diseases",https://cdn.atriumhealth.org/-/media/wakeforest/clinical/files/about-us/health-needs-assessment/wmc-chna-2022-2024.pdf?rev=f1aa3c758e1f484db170d30544688e0b&hash=1E87A27679655A269FE15D17B111D58A,https://cdn.atriumhealth.org/-/media/wakeforest/clinical/files/about-us/ahwfb---wmc-chna-implementation-strategy-2022-2024---final-board-approved.pdf?rev=6ac4c6567c7d40a79d7d32e8027968ad&hash=C836B584B02BF0516D0F4FEE14DB6D66,N/A
6360978,Wake Forest Baptist Health-Davie Medical Center,329 NC Highway 801 North,Bermuda Run,27006,NC,Wake Forest Baptist Health,Non-Profit,2022,"Combination of counties, zip codes, and places",Davie,"27028, 27006, 27014","Mocksville, Advance, Bermuda Run, Cooleemee",Alcohol and drug abuse; Healthy lifestyles; Poverty; Mental illness or emotional issues; Lack of affordable medical care; Food insecurity; Family violenceâ abuse of children or adults; Lack of resources or affordable care for those with disabilities; Need for foster care for children and youth; Shortage of affordable housing,"Mental health and substance use disorder, Access to affordable medical care and community resources, Poverty, social, and socioeconomic factors, Chronic disease prevention and management",https://cdn.atriumhealth.org/-/media/wakeforest/clinical/files/about-us/health-needs-assessment/dmc-chna-2022---2024.pdf?rev=7ba2f2c9a3da47d38c311d9dd3893cd7&hash=FB98AB7E949A4A501CC82B2F3423AF97,https://cdn.atriumhealth.org/-/media/wakeforest/clinical/files/about-us/ahwfb---dmc-chna-implementation-strategy-2022-2024---final-board-approved.pdf?rev=dfb1063d285b418c97a9d58de3472f68&hash=3364C9726D5DF549E64EDE9E6BE5C5EA,N/A
6360920,Wake Forest Baptist Health-Lexington Medical Center,250 Hospital Drive,Lexington,27292-6728,NC,Wake Forest Baptist Health,Non-Profit,2022,"Combination of counties, zip codes, and places",Davidson,"27292, 27295, 27239, 27360","Lexington, Denton, Thomasville","Substance misuse, obesity, Mental health, Homelessness, crime, High blood pressure and high cholesterol","Access to Care, Social Impact and Injustice, Chronic and emerging diseases",https://cdn.atriumhealth.org/-/media/wakeforest/clinical/files/about-us/health-needs-assessment/chna---lmc----2022-2024.pdf?rev=a58d6553002d49eaba7ada44c52acd4c&hash=65E81597E5745AF95AFC9F2C2631815A,https://cdn.atriumhealth.org/-/media/wakeforest/clinical/files/about-us/ahwfb---lmc-chna-implementation-strategy-2022-2024---final-board-approved.pdf?rev=090db9fb30d94f998660461716307c93&hash=B21FC5A0340394C0BDF1A81485659D72,N/A
6361700,Wake Forest Baptist Medical Center,Medical Center Boulevard,Winston-Salem,27157-0001,NC,Wake Forest Baptist Health,Non-Profit,2022,"Combination of counties, zip codes, and places",Forsyth,"27009, 27012, 27023, 27040, 27045, 27050, 27051, 27101, 27103, 27104, 27105, 27106, 27107, 27110, 27127, 27284","Belews Creek, Clemmons, Lewisville, Pfaffttown, Rural Hall, Tobaccoville, Wakertown, Winston Salem, Kernersville","Cancer, Diabetes, Heart Disease, Food insecurity, Access to COVID-19 vaccines, Dental care, Mental Health, Health care coverage/health, insurance among certain race/ethnic groups, Public Health services, Homeless services, Employment or job finding services, Domestic violence services, Substance abuse & poly-substance misuse, Cerebrovascular Disease, Incentives to promote access, Medicaid expansion/benefits cliff, Cost of health care, Lack of health and health system knowledge and awareness of resources, Infant mortality, Sexual health, Unintentional injuries","Access to Care, Social Impact and Injustice, Chronic and emerging diseases, and key health conditions and indicators, Maternal and Child Health and Infant Mortality, Mental Health and Poly-substance Use",https://cdn.atriumhealth.org/-/media/wakeforest/clinical/files/about-us/health-needs-assessment/wfbmc-chna-2022-2024.pdf?rev=6ec3da9c664b42bfa22254f057531c45&hash=95F8A98DADA78E26F4249BC3861356B8,https://cdn.atriumhealth.org/-/media/wakeforest/clinical/files/about-us/ahwfb---ncbh-chna-implementation-strategy-2022-2024---final-board-approved.pdf?rev=65999003a70e41daab5baa993b028604&hash=44C8341382422C2854821E7291F7EE9C,N/A
636118A,WakeMed Cary Hospital,1900 Kildaire Farm Road,Cary,27518-6616,NC,WakeMed Health & Hospitals,Non-Profit,2022,Combination of counties and zip codes,Wake,"26712, 27540, 27606, 27501, 27545, 27607, 27502, 27560, 27608, 27511, 27562, 27609, 27512, 27571, 27610, 27513, 27587, 27612, 27518, 27591, 27613, 27519, 27592, 27614, 27520, 27597, 27615, 27523, 27601, 27616, 27526, 27603, 27617, 27529, 27604, 28616, 27539, 27605",N/A,"Neighbordhood and physical environment; Housing; Community cohesion; Education & lifelong development; Economic Opportunity; Acess to healthcare; Disease, Illness, & Injury; Mental Health and Substance Abuse; Reproductive and Child Health; Health Behaviors",Affordable Housing and Homelessness; Access to Health Care; Mental Health,https://www.wakemed.org/assets/documents/community/2022-full-report-final.pdf,https://www.wakemed.org/assets/documents/community/chna-implementation-plan-2023.pdf,N/A
6360001,WakeMed Raleigh Campus,3000 New Bern Avenue,Raleigh,27610-1295,NC,WakeMed Health & Hospitals,Non-Profit,2022,Combination of counties and zip codes,Wake,"26712, 27540, 27606, 27501, 27545, 27607, 27502, 27560, 27608, 27511, 27562, 27609, 27512, 27571, 27610, 27513, 27587, 27612, 27518, 27591, 27613, 27519, 27592, 27614, 27520, 27597, 27615, 27523, 27601, 27616, 27526, 27603, 27617, 27529, 27604, 28616, 27539, 27606",N/A,"Neighbordhood and physical environment; Housing; Community cohesion; Education & lifelong development; Economic Opportunity; Acess to healthcare; Disease, Illness, & Injury; Mental Health and Substance Abuse; Reproductive and Child Health; Health Behaviors","Affordable Housing and Homelessness, Access to Healthcare, Mental Health",https://www.wakemed.org/assets/documents/community/2022-full-report-final.pdf,https://www.wakemed.org/assets/documents/community/2022-full-report-final.pdf,N/A
6360700,Walter B. Jones Alcohol and Drug Abuse Treatment Center,2577 West Fifth Street,Greenville,27834-7813,NC,,Public,N/A unable to find,,,,,,,,,
6361155,Washington County Hospital,958 U S Highway 64 East,Plymouth,27962-9591,NC,Rural Community Hospitals of America,For-Profit,N/A unable to find,,,,,,,,,
6360215,Watauga Medical Center,336 Deerfield Road,Boone,28607-5008,NC,Appalachian Regional Healthcare System,Non-Profit,2022,List of Counties,"Watauga, Ashe, Avery",N/A,N/A,"Mental/Behavioral Health, Heart Disease, Cancer Care",N/A,https://apprhs.org/community-health-needs-assessment/#,https://apprhs.org/community-health-needs-assessment/#,marketing@apprhs.org
6360625,Wayne UNC Health Care,2700 Wayne Memorial Drive,Goldsboro,27534-9494,NC,UNC Health Care,Non-Profit,2021,List of Counties,Wayne,N/A,N/A,"Access to Health Services, Diabetes, Respiratory Diseases","Access to Health Services, Diabetes, Respiratory Diseases",https://schs.dph.ncdhhs.gov/units/ldas/cha2021/Wayne2021-CHA.pdf,https://schs.dph.ncdhhs.gov/units/ldas/cha2021/Wayne2021-CHA.pdf,N/A
6361615,Wilmington Treatment Center,2520 Troy Drive,Wilmington,28401-7643,NC,"CRC Health Group, Inc.",For-Profit,N/A unable to find,,,,,,,,,
6361635,Wilson Medical Center,"1705 Tarboro Street, SW",Wilson,27893-3428,NC,Duke LifePoint Healthcare,For-Profit,2022,List of Counties,Wilson,N/A,N/A,"Mental/behavioral health, Healthy eating/active living, Substance misuse, Access to healthcare or insurance","Mental/behavioral health, Healthy eating/active living, Substance misuse, Access to healthcare or insurance",https://www.wilsoncountync.gov/home/showpublisheddocument/7017/638084273572430000,N/A ,N/A
6360530,Womack Army Medical Center,2817 Reilly Road,Fort Bragg,28310-7302,NC,"Department of the Army, Office of the Surgeon General",Public,2019,List of Counties,"Cumberland, Harnett, Hoke, Lee, Moore, Robeson, Sampson, Wake",N/A,N/A,"Economy/Social Factors, Access to Health Services, Clinical Care, Health Behaviors, Health Outcomes","Economy/Social Factors, Access to Health Services, Clinical Care, Health Behaviors, Health Outcomes",https://womack.tricare.mil/LinkClick.aspx?fileticket=ebqD8zF7GZY%3D&portalid=152,https://womack.tricare.mil/LinkClick.aspx?fileticket=ebqD8zF7GZY%3D&portalid=152,usarmy.bragg.medcom-wamc.mbx.dphd@mail.mil